id,prop
1616,2.525234524
1802,2.824752335
1803,2.788360582
1804,2.681032276
1805,2.624463567
1883,3.072205952
1897,2.797705963
1898,2.540141119
2133,2.508497418
2477,2.962693545
2577,2.910576306
2629,2.578269933
2761,2.549447847
3009,2.587482684
3167,2.833694208
3580,2.92463517
3653,3.032935743
3682,2.464629904
3683,2.506012031
3686,1.847253585
